Wilayah,Komposit,NCPR,Kemiskinan (%),Pengeluaran Pangan (%),Tanpa Listrik (%),Tanpa Air Bersih (%),Lama Sekolah Perempuan (tahun),Rasio Tenaga Kesehatan,Angka Harapan Hidup (tahun),Stunting (%),IKP,IKP Ranking,
aceh - aceh selatan,5,0.78,13.18,52.86,0.00,46.34,8.75,2.43,64.40,27.30,71.02,274,
aceh - aceh tenggara,6,0.28,13.41,38.71,0.00,41.55,9.62,2.87,68.22,34.10,77.39,188,
aceh - aceh timur,6,0.52,14.45,32.76,0.00,33.96,8.66,2.01,68.74,38.20,76.55,200,
aceh - aceh tengah,4,2.57,15.26,28.92,0.24,42.25,10.10,2.45,68.86,34.30,63.93,326,
aceh - aceh barat,6,0.56,18.81,38.49,0.00,21.76,10.22,1.82,67.99,27.40,77.56,184,
aceh - aceh besar,6,0.36,14.05,42.98,0.26,16.28,10.47,1.74,69.79,32.40,81.49,100,
aceh - pidie,5,0.39,19.59,48.92,0.10,38.86,8.91,0.74,66.95,39.30,72.52,256,
aceh - aceh utara,6,0.30,17.43,46.27,0.14,34.26,9.18,0.72,68.81,38.80,75.85,211,
aceh - simeulue,5,0.97,18.98,35.65,0.49,16.13,9.63,2.13,65.28,25.90,74.63,229,
aceh - aceh singkil,3,3.97,20.36,42.55,0.00,40.41,9.18,2.41,67.43,29.60,51.88,375,
aceh - bireuen,6,0.47,13.25,55.71,0.44,30.81,9.47,0.52,71.26,24.30,78.79,159,
aceh - aceh barat daya,6,0.36,16.34,41.58,0.00,28.54,8.95,1.46,65.06,33.20,75.91,205,
aceh - gayo lues,5,0.64,19.64,39.67,0.00,24.93,8.63,9.90,65.53,42.90,72.31,260,
aceh - aceh jaya,6,0.31,13.23,45.81,0.56,29.90,8.74,4.56,67.19,33.70,77.41,186,
aceh - nagan raya,5,0.71,18.23,49.36,0.00,27.00,8.89,2.39,69.24,32.50,74.47,232,
aceh - aceh tamiang,6,0.74,13.34,34.54,0.21,18.58,9.37,1.18,69.63,30.80,79.33,149,
aceh - bener meriah,2,5.00,19.16,23.94,0.00,39.70,10.18,0.96,69.26,40.00,48.14,381,
aceh - pidie jaya,6,0.29,19.55,53.05,0.17,35.70,9.56,0.65,70.18,29.00,76.06,204,
aceh - kota banda aceh,6,0.00,7.61,4.24,0.00,0.23,13.26,0.02,71.52,23.40,84.36,16,
aceh - kota sabang,5,0.00,15.32,25.70,0.00,6.22,11.06,0.41,70.56,23.80,61.70,85,
aceh - kota lhokseumawe,5,0.00,11.16,23.87,0.00,3.55,11.53,0.09,71.64,27.40,69.34,75,
aceh - kota langsa,5,0.00,10.96,12.54,0.00,8.85,11.19,0.21,69.43,25.50,69.15,76,
aceh - kota subulussalam,1,0.00,17.65,31.22,0.00,50.76,9.08,1.98,64.07,41.80,23.93,98,
sumatera utara - tapanuli tengah,5,1.27,12.67,40.39,3.13,45.60,9.08,1.39,67.24,25.30,70.89,277,
sumatera utara - tapanuli utara,6,0.32,9.72,57.61,0.20,53.68,9.96,2.45,68.76,26.70,76.30,203,
sumatera utara - tapanuli selatan,5,0.55,8.80,47.64,5.03,55.63,9.07,5.79,64.97,30.80,72.68,255,
sumatera utara - nias,5,0.70,16.82,25.99,7.60,65.66,6.98,1.82,69.78,32.10,69.99,287,
sumatera utara - langkat,5,1.24,10.12,37.53,0.00,25.98,8.62,1.83,68.97,31.50,75.36,215,
sumatera utara - karo,6,0.21,8.79,55.65,0.83,44.61,10.10,1.44,71.58,25.30,80.36,124,
sumatera utara - deli serdang,6,0.85,4.01,21.84,0.00,14.70,10.18,0.50,71.77,12.50,87.15,12,
sumatera utara - simalungun,6,0.51,8.81,35.03,0.56,35.87,9.42,1.76,71.37,28.00,80.84,114,
sumatera utara - asahan,5,2.15,9.35,26.39,0.40,29.64,8.95,1.87,68.37,18.90,71.65,266,
sumatera utara - labuhanbatu,6,1.48,8.74,27.20,0.01,32.10,9.63,1.13,69.95,27.00,75.83,212,
sumatera utara - dairi,6,0.30,8.31,38.01,0.32,39.12,9.67,1.98,69.19,34.20,80.17,132,
sumatera utara - toba samosir,6,0.26,8.99,47.88,0.55,28.55,10.64,2.09,70.29,24.80,82.79,77,
sumatera utara - mandailing natal,4,1.17,9.49,51.54,1.60,52.61,8.88,2.92,62.65,47.70,66.36,317,
sumatera utara - nias selatan,4,0.90,16.92,42.57,10.78,68.33,6.98,1.31,68.86,36.70,65.80,318,
sumatera utara - pakpak bharat,5,0.98,9.35,35.18,1.05,57.88,9.18,3.37,65.96,40.80,70.52,284,
sumatera utara - humbang hasundutan,6,0.39,9.65,42.39,0.74,50.38,9.87,3.27,69.51,26.70,77.91,178,
sumatera utara - samosir,5,0.41,12.68,51.23,1.56,56.55,8.98,3.62,71.41,28.40,75.06,220,
sumatera utara - serdang bedagai,6,0.22,8.30,38.08,0.05,35.72,9.06,1.42,68.82,20.00,82.13,87,
sumatera utara - batu bara,5,0.96,12.38,30.01,0.21,34.16,8.20,0.94,67.13,30.90,74.65,228,
sumatera utara - padang lawas utara,5,1.43,9.92,42.84,1.05,35.71,9.56,3.47,67.22,33.10,71.74,264,
sumatera utara - padang lawas,5,1.60,8.69,38.11,1.47,31.81,9.06,3.15,67.13,42.00,70.97,275,
sumatera utara - labuhanbatu selatan,3,5.00,8.53,20.97,1.62,29.48,9.50,3.27,68.81,27.00,54.52,366,
sumatera utara - labuhanbatu utara,5,1.80,10.02,32.29,0.74,35.03,8.68,2.25,69.56,30.90,71.34,269,
sumatera utara - nias utara,4,0.63,25.66,40.92,8.79,54.29,7.22,1.50,69.55,34.40,67.12,311,
sumatera utara - nias barat,4,1.37,26.42,23.47,6.71,80.40,7.33,0.81,69.08,27.90,60.60,340,
sumatera utara - kota medan,6,0.00,8.34,8.15,0.00,3.19,11.45,0.02,73.23,19.90,80.93,30,
sumatera utara - kota pematangsiantar,6,0.00,8.52,16.58,0.00,6.88,11.56,0.03,73.77,15.00,78.42,44,
sumatera utara - kota sibolga,5,0.00,12.33,26.84,0.00,9.39,10.46,0.05,69.25,25.80,62.01,83,
sumatera utara - kota tanjung balai,4,0.00,13.40,37.00,0.00,1.53,9.77,0.12,63.44,26.10,53.17,94,
sumatera utara - kota binjai,6,0.00,5.81,19.72,0.00,10.04,10.74,0.03,72.45,21.70,74.89,53,
sumatera utara - kota tebing tinggi,5,0.00,10.30,15.85,0.00,25.42,10.58,0.03,70.95,17.30,66.47,79,
sumatera utara - kota padang sidimpuan,4,0.00,7.53,26.64,0.26,34.06,11.35,0.10,69.50,32.10,57.96,90,
sumatera utara - kota gunungsitoli,3,0.00,16.45,24.94,1.13,36.46,8.59,0.41,71.32,26.30,43.70,97,
sumatera barat - pesisir selatan,6,0.43,7.92,27.12,1.10,25.51,8.66,3.19,70.96,25.20,83.53,58,
sumatera barat - solok,6,0.37,8.01,39.90,0.64,36.46,7.93,3.48,68.79,40.10,78.29,173,
sumatera barat - sijunjung,6,0.79,6.80,22.66,2.06,35.55,8.50,3.83,66.36,30.10,77.88,180,
sumatera barat - tanah datar,6,0.30,4.54,34.60,0.38,20.71,8.89,1.40,70.12,21.50,85.92,25,
sumatera barat - padang pariaman,6,0.56,7.22,30.09,1.58,26.93,8.19,1.34,68.97,28.30,81.14,106,
sumatera barat - agam,6,0.45,6.85,29.02,0.37,25.10,8.99,1.89,72.53,19.10,85.34,31,
sumatera barat - lima puluh kota,6,0.44,7.29,38.06,0.87,36.53,8.69,3.89,69.84,28.20,80.32,127,
sumatera barat - pasaman,6,0.31,7.48,32.42,0.89,29.97,8.03,3.64,67.59,30.20,80.93,112,
sumatera barat - kepulauan mentawai,3,2.78,14.84,41.04,25.66,72.75,7.67,7.92,64.73,27.30,52.48,373,
sumatera barat - dharmasraya,6,1.28,6.67,14.93,0.44,23.91,8.98,2.52,71.53,19.50,81.15,105,
sumatera barat - solok selatan,6,0.33,7.52,29.94,1.54,23.34,9.08,4.91,68.01,24.50,83.20,68,
sumatera barat - pasaman barat,6,0.44,7.51,36.62,1.32,33.09,9.45,2.64,67.94,24.00,80.82,115,
sumatera barat - kota padang,6,0.00,4.94,9.04,0.07,4.13,11.75,0.10,73.69,18.90,84.14,18,
sumatera barat - kota solok,6,0.00,3.12,14.72,0.04,1.79,11.38,0.07,73.73,18.50,84.44,15,
sumatera barat - kota sawahlunto,6,0.00,2.38,16.27,0.63,8.59,10.75,0.48,70.10,21.10,73.85,60,
sumatera barat - kota padang panjang,6,0.00,5.92,11.04,0.00,10.32,11.68,0.05,72.82,20.00,79.82,37,
sumatera barat - kota bukittinggi,6,0.00,5.14,10.21,0.00,4.79,11.77,0.02,74.50,19.00,84.66,12,
sumatera barat - kota payakumbuh,6,0.00,6.16,12.72,0.00,1.91,11.28,0.11,73.84,20.00,81.73,24,
sumatera barat - kota pariaman,5,0.00,4.38,27.70,0.00,17.21,11.07,0.09,70.38,20.30,69.93,73,
riau - kampar,3,5.00,7.82,21.70,0.00,26.15,9.49,5.48,70.83,25.70,56.28,362,
riau - indragiri hulu,3,5.00,6.18,10.64,0.98,20.22,8.20,5.09,70.26,23.60,57.96,355,
riau - bengkalis,4,3.83,6.64,19.58,1.26,39.60,9.59,3.83,71.24,21.90,62.61,332,
riau - indragiri hilir,5,1.30,6.18,34.58,8.59,70.89,7.53,6.05,67.98,28.40,68.38,300,
riau - pelalawan,5,2.91,9.63,18.40,2.41,19.67,9.05,8.70,71.24,21.20,69.68,289,
riau - rokan hulu,3,5.00,10.40,25.71,1.18,22.16,8.95,4.42,70.18,25.80,54.91,365,
riau - rokan hilir,4,2.87,7.18,26.06,1.80,36.06,8.46,4.24,70.39,29.70,66.46,315,
riau - siak,6,2.43,5.18,13.31,0.00,13.02,10.22,5.74,71.13,19.00,76.87,197,
riau - kuantan singingi,5,2.54,8.97,13.69,0.00,25.44,8.79,4.65,68.60,22.40,70.70,278,
riau - kepulauan meranti,5,0.10,25.68,14.15,3.44,92.29,8.29,5.43,67.78,23.30,68.06,304,
riau - kota pekanbaru,6,0.00,2.83,7.74,0.16,6.14,11.93,0.08,72.41,11.40,86.56,6,
riau - kota dumai,6,0.00,3.42,11.43,0.35,9.61,10.31,1.03,70.98,23.00,72.63,68,
jambi - kerinci,6,0.41,7.71,23.88,0.26,35.72,8.57,2.50,70.00,26.70,81.94,90,
jambi - merangin,5,1.66,9.11,35.20,1.71,53.15,8.16,3.73,71.29,19.70,71.02,273,
jambi - sarolangun,4,2.87,8.87,21.43,0.00,50.42,8.50,5.30,69.21,21.40,64.47,324,
jambi - batanghari,5,2.16,10.05,21.94,2.10,36.69,8.39,4.47,70.64,24.50,70.52,282,
jambi - muaro jambi,4,3.46,4.53,21.90,1.46,34.63,8.82,3.93,71.32,27.20,65.37,322,
jambi - tanjung jabung barat,5,1.78,10.75,27.47,0.88,49.18,8.34,3.73,68.17,19.80,69.66,290,
jambi - tanjung jabung timur,5,1.14,11.39,31.67,0.53,51.23,7.34,5.91,66.34,25.60,70.65,279,
jambi - bungo,4,3.40,6.23,22.81,1.38,37.93,7.94,2.58,67.83,22.90,62.93,331,
jambi - tebo,5,2.30,6.68,25.15,0.84,33.16,7.82,5.18,70.02,26.20,70.52,283,
jambi - kota jambi,6,0.00,9.02,10.07,0.00,8.38,11.16,0.05,72.71,17.40,77.50,47,
jambi - kota sungai penuh,4,0.00,3.41,24.33,3.62,9.77,10.38,0.46,72.21,25.00,59.92,87,
sumatera selatan - ogan komering ulu,5,1.91,12.62,23.28,0.32,28.02,9.05,2.29,68.24,31.10,71.10,272,
sumatera selatan - ogan komering ilir,6,0.29,14.68,33.22,1.24,42.63,7.10,7.54,68.67,32.20,75.89,206,
sumatera selatan - muara enim,5,1.88,12.32,16.47,0.51,31.70,7.94,3.20,69.02,29.70,71.29,270,
sumatera selatan - lahat,5,1.13,16.46,34.32,0.56,35.75,8.76,2.97,66.16,22.40,72.00,261,
sumatera selatan - musi rawas,6,0.45,13.89,26.72,0.68,36.65,7.58,4.07,68.26,28.30,77.38,189,
sumatera selatan - musi banyuasin,6,0.62,15.84,14.36,2.50,33.05,7.86,5.97,68.84,23.00,77.89,179,
sumatera selatan - banyuasin,6,0.16,10.75,38.39,0.42,52.91,7.89,5.55,69.06,22.00,77.97,176,
sumatera selatan - ogan komering ulu timur,6,0.18,10.60,23.23,0.33,42.36,7.62,1.20,69.17,21.50,81.01,110,
sumatera selatan - ogan komering ulu selatan,5,0.37,11.12,51.63,6.16,49.26,7.94,4.27,67.07,24.80,74.46,233,
sumatera selatan - ogan ilir,5,0.92,13.82,42.79,0.85,29.38,7.96,1.67,65.60,29.20,73.28,250,
sumatera selatan - empat lawang,4,1.14,13.35,44.05,4.85,72.25,7.89,2.71,65.13,26.00,65.25,323,
sumatera selatan - penukal abab lematang ilir,5,1.49,12.91,16.48,0.33,37.94,6.51,2.12,68.33,20.20,72.46,257,
sumatera selatan - musi rawas utara,3,2.47,20.11,35.05,1.34,45.78,7.55,6.71,65.76,28.30,59.23,347,
sumatera selatan - kota palembang,6,0.00,11.34,12.54,0.00,2.44,10.94,0.04,71.01,16.10,74.71,54,
sumatera selatan - kota pagar alam,3,0.00,9.40,34.30,0.39,39.28,9.62,1.00,66.85,15.50,46.47,95,
sumatera selatan - kota lubuklinggau,4,0.00,13.23,21.25,0.01,33.42,9.47,0.30,69.39,22.80,53.71,93,
sumatera selatan - kota prabumulih,4,0.00,12.20,15.38,0.21,29.33,9.84,0.14,70.47,22.00,59.71,89,
bengkulu - bengkulu selatan,5,0.49,18.16,34.41,0.13,55.74,9.32,1.11,67.93,20.80,73.67,243,
bengkulu - rejang lebong,4,1.72,15.85,24.14,0.73,61.38,9.02,1.31,68.75,26.00,66.68,314,
bengkulu - bengkulu utara,3,3.48,11.61,26.01,0.42,54.15,8.24,3.15,68.27,20.70,58.31,353,
bengkulu - kaur,5,0.99,18.62,42.07,0.36,41.77,8.23,4.22,66.73,11.30,71.51,268,
bengkulu - seluma,5,0.76,18.72,28.10,1.46,72.94,8.12,2.38,67.90,24.70,68.54,299,
bengkulu - mukomuko,5,1.57,11.93,22.60,0.00,38.32,8.33,3.62,66.73,22.20,71.78,263,
bengkulu - lebong,5,0.41,12.00,37.32,0.58,46.33,8.59,3.65,63.40,23.30,74.86,224,
bengkulu - kepahiang,4,1.79,14.83,24.73,1.91,56.10,8.68,0.85,68.08,22.90,67.14,310,
bengkulu - bengkulu tengah,4,2.94,9.68,24.87,0.65,50.87,7.60,1.80,68.19,25.50,62.12,334,
bengkulu - kota bengkulu,5,0.00,17.89,8.20,0.05,13.23,11.67,0.06,70.20,22.20,65.29,81,
lampung - lampung selatan,6,0.31,14.19,27.47,0.32,24.91,7.74,1.03,69.42,16.30,81.81,94,
lampung - lampung tengah,6,0.16,11.99,26.61,0.34,39.77,7.66,1.46,69.87,20.80,81.07,108,
lampung - lampung utara,5,0.16,19.63,37.86,1.07,55.88,8.65,1.27,69.30,20.20,75.00,223,
lampung - lampung barat,5,0.83,12.82,24.57,0.33,50.04,8.15,2.17,67.65,22.70,74.34,236,
lampung - tulang bawang,6,0.13,9.67,21.18,0.00,24.40,7.95,2.47,70.01,9.50,86.25,18,
lampung - tanggamus,5,0.92,11.81,25.63,0.26,52.61,7.55,2.18,68.67,25.00,73.60,246,
lampung - lampung timur,6,0.16,15.08,26.83,0.08,27.72,7.95,2.09,70.78,15.30,82.78,79,
lampung - way kanan,6,0.24,13.09,31.15,0.49,47.27,7.54,2.68,69.46,20.70,78.34,172,
lampung - pesawaran,6,0.42,15.11,34.61,0.00,38.58,7.77,1.14,69.15,17.60,77.86,181,
lampung - pringsewu,6,0.49,10.11,26.15,0.12,15.85,8.18,0.38,70.27,19.00,84.14,48,
lampung - mesuji,6,0.12,7.54,16.62,0.95,21.83,7.60,3.30,68.26,21.80,85.62,28,
lampung - tulang bawang barat,6,0.14,8.32,19.15,0.10,62.73,7.91,1.64,70.03,22.10,79.84,138,
lampung - pesisir barat,5,0.40,14.81,31.59,4.14,62.91,8.71,4.78,63.66,22.80,71.71,265,
lampung - kota bandar lampung,6,0.00,9.11,10.90,0.19,11.87,10.91,0.03,71.42,19.40,73.41,62,
lampung - kota metro,6,0.00,8.93,11.70,0.00,14.78,11.03,0.04,71.66,19.70,73.35,64,
kepulauan bangka belitung - bangka,6,1.63,4.81,14.81,0.52,18.74,8.40,1.74,71.14,17.50,80.26,129,
kepulauan bangka belitung - belitung,4,5.00,7.15,9.38,0.08,6.11,8.52,2.50,71.10,13.80,61.55,336,
kepulauan bangka belitung - bangka selatan,6,0.60,3.69,28.79,0.13,20.25,7.29,5.47,68.35,19.40,83.38,60,
kepulauan bangka belitung - bangka tengah,3,5.00,5.13,18.08,0.00,23.80,7.57,2.81,71.52,20.00,57.97,354,
kepulauan bangka belitung - bangka barat,5,2.11,2.75,17.18,0.42,29.47,8.18,3.26,70.08,23.50,75.05,221,
kepulauan bangka belitung - belitung timur,4,4.95,7.20,12.76,0.47,10.58,8.77,3.93,72.10,22.60,60.50,341,
kepulauan bangka belitung - kota pangkalpinang,6,0.00,4.76,5.07,0.00,6.29,10.25,0.07,73.41,16.70,83.25,21,
kepulauan riau - bintan,3,5.00,6.42,10.47,0.79,28.80,9.04,1.42,70.46,20.00,57.68,358,
kepulauan riau - karimun,3,5.00,6.85,13.93,0.51,20.13,8.38,0.85,71.11,17.60,58.76,350,
kepulauan riau - natuna,3,5.00,4.95,8.23,0.74,18.66,9.13,2.72,65.31,17.80,57.86,356,
kepulauan riau - lingga,3,3.57,13.93,23.55,3.44,20.93,7.72,3.78,62.39,25.40,58.43,351,
kepulauan riau - kepulauan anambas,3,5.00,7.09,8.63,0.17,36.05,7.51,1.13,67.36,21.70,54.19,367,
kepulauan riau - kota batam,6,0.00,5.05,4.91,0.03,1.19,11.21,0.22,73.36,17.50,85.23,9,
kepulauan riau - kota tanjungpinang,6,0.00,9.57,5.14,0.00,12.61,10.10,0.10,72.18,18.80,74.67,55,
dki jakarta - kepulauan seribu,3,5.00,15.06,55.79,0.00,0.48,8.87,0.05,68.99,19.30,54.18,368,
dki jakarta - jakarta pusat,6,0.00,4.94,13.45,0.00,1.65,11.27,0.00,74.19,19.70,83.56,20,
dki jakarta - jakarta utara,6,0.00,7.24,20.37,0.00,0.62,10.53,0.02,73.35,20.40,77.15,48,
dki jakarta - jakarta barat,6,0.00,4.31,8.52,0.00,2.20,10.62,0.01,73.69,17.60,84.67,11,
dki jakarta - jakarta selatan,6,0.00,3.56,6.58,0.00,10.91,11.37,0.01,74.20,15.70,85.38,7,
dki jakarta - jakarta timur,6,0.00,4.28,11.02,0.00,8.69,11.29,0.01,74.54,13.40,84.56,14,
jawa barat - bogor,5,2.87,8.13,25.27,0.13,25.75,8.48,0.29,71.36,28.60,68.61,297,
jawa barat - sukabumi,6,0.78,7.70,41.01,0.00,43.46,7.39,0.94,71.21,24.20,77.29,190,
jawa barat - cianjur,6,0.67,11.18,45.06,0.29,36.30,7.02,0.93,70.32,33.70,75.82,213,
jawa barat - bandung,6,1.49,7.15,29.52,0.00,12.19,9.26,0.35,73.72,31.10,80.33,126,
jawa barat - garut,5,0.49,10.65,58.49,0.11,51.46,7.66,0.61,71.59,35.20,74.49,231,
jawa barat - tasikmalaya,6,0.69,11.15,45.19,0.13,42.14,7.83,0.99,69.67,24.40,75.88,208,
jawa barat - ciamis,6,0.62,7.97,41.05,0.11,24.76,8.07,0.60,72.02,16.00,82.54,82,
jawa barat - kuningan,6,0.62,13.10,44.70,0.00,28.30,8.00,0.39,73.78,18.70,80.24,130,
jawa barat - cirebon,6,0.89,12.30,32.81,0.00,21.56,7.56,0.18,72.18,26.50,79.20,153,
jawa barat - majalengka,6,0.41,12.33,46.16,0.07,28.67,7.46,0.44,70.46,23.00,79.44,147,
jawa barat - sumedang,6,0.54,10.71,37.37,0.00,18.88,8.52,0.55,72.62,22.00,83.12,71,
jawa barat - indramayu,6,0.26,13.04,44.05,0.00,7.60,6.94,0.62,71.84,14.40,84.64,41,
jawa barat - subang,6,0.30,10.03,31.62,0.05,28.61,7.19,0.60,72.58,18.10,83.52,59,
jawa barat - purwakarta,6,1.03,8.83,24.92,0.00,34.91,8.08,0.28,71.18,20.60,78.75,162,
jawa barat - karawang,6,0.36,8.95,24.47,0.32,15.01,7.54,0.25,72.33,20.60,86.03,24,
jawa barat - bekasi,6,0.98,5.21,22.54,0.04,10.31,9.40,0.14,73.81,21.50,86.15,22,
jawa barat - bandung barat,5,1.81,11.30,48.45,0.00,28.97,8.04,0.50,72.52,29.60,71.59,267,
jawa barat - pangandaran,6,0.53,9.65,37.13,0.00,29.53,7.94,1.00,71.60,22.70,81.12,107,
jawa barat - kota bogor,6,0.00,7.24,14.51,0.00,13.90,10.65,0.02,73.82,16.90,76.38,50,
jawa barat - kota sukabumi,5,0.00,8.25,21.35,0.00,18.88,10.10,0.02,72.58,19.10,68.96,77,
jawa barat - kota bandung,6,0.00,4.37,15.65,0.07,6.15,11.19,0.01,74.46,26.40,80.23,34,
jawa barat - kota cirebon,5,0.00,10.03,18.98,0.00,4.01,10.25,0.01,72.44,30.60,70.28,71,
jawa barat - kota bekasi,6,0.00,4.74,8.70,0.06,4.34,11.45,0.02,75.19,13.80,86.79,5,
jawa barat - kota depok,6,0.00,2.58,5.47,0.00,19.18,11.30,0.03,74.62,12.30,85.07,10,
jawa barat - kota cimahi,6,0.00,5.35,15.53,0.00,7.66,11.02,0.01,74.21,19.90,80.08,35,
jawa barat - kota tasikmalaya,4,0.00,13.13,31.34,0.18,24.16,9.75,0.06,72.34,28.90,55.38,92,
jawa barat - kota banjar,5,0.00,7.11,33.82,0.00,15.51,8.71,0.11,71.19,23.90,61.91,84,
jawa tengah - cilacap,6,0.44,11.67,30.17,0.15,26.03,7.30,0.54,73.90,17.90,83.23,66,
jawa tengah - banyumas,6,1.03,13.66,24.71,0.00,27.59,7.91,0.23,73.80,21.60,79.02,157,
jawa tengah - purbalingga,6,0.94,16.24,19.94,0.00,25.93,7.54,0.29,73.21,16.80,79.25,152,
jawa tengah - banjarnegara,6,0.89,16.23,21.78,0.13,27.87,6.99,0.50,74.28,23.30,78.61,167,
jawa tengah - kebumen,6,0.57,17.83,28.18,0.33,32.66,7.41,0.34,73.55,15.90,79.29,150,
jawa tengah - purworejo,6,0.50,12.40,27.88,0.08,22.56,8.36,0.49,74.87,15.70,84.48,44,
jawa tengah - wonosobo,6,0.88,17.67,26.52,0.07,13.35,7.10,0.62,71.94,28.10,78.42,170,
jawa tengah - magelang,6,1.13,11.91,24.25,0.00,24.14,7.69,0.59,73.88,22.30,79.44,146,
jawa tengah - boyolali,6,0.47,10.62,17.76,0.00,27.05,7.74,0.39,76.03,20.70,85.26,34,
jawa tengah - klaten,6,0.54,13.49,27.06,0.00,29.47,9.03,0.17,76.86,15.80,84.13,49,
jawa tengah - sukoharjo,6,0.49,8.23,13.73,0.17,20.58,9.42,0.12,77.73,20.00,89.11,4,
jawa tengah - wonogiri,6,0.17,11.55,16.17,0.00,21.57,7.15,0.71,76.28,14.00,88.15,5,
jawa tengah - karanganyar,6,0.52,10.68,19.01,0.00,20.59,8.61,0.33,77.55,16.20,87.39,8,
jawa tengah - sragen,6,0.22,13.83,21.76,0.00,11.55,7.52,0.29,75.79,18.80,87.53,7,
jawa tengah - grobogan,6,0.23,12.74,34.16,0.19,10.71,7.24,0.57,74.84,9.60,87.27,10,
jawa tengah - blora,6,0.23,12.39,35.85,0.16,3.27,7.25,0.83,74.51,21.50,87.03,13,
jawa tengah - rembang,6,0.36,15.80,30.00,0.00,11.18,7.54,0.49,74.61,18.70,84.73,39,
jawa tengah - pati,6,0.27,10.21,21.00,0.00,16.88,7.72,0.40,76.27,20.60,88.01,6,
jawa tengah - kudus,6,0.80,7.60,10.82,0.00,20.59,8.88,0.13,76.68,17.60,87.21,11,
jawa tengah - jepara,6,0.64,7.44,20.30,0.00,26.57,8.14,0.39,75.91,25.00,85.06,35,
jawa tengah - demak,6,0.31,12.92,25.79,0.00,5.87,8.23,0.40,75.46,25.50,87.38,9,
jawa tengah - semarang,6,1.03,7.82,15.86,0.00,10.25,8.44,0.40,75.79,16.40,86.31,17,
jawa tengah - temanggung,6,1.56,10.17,14.25,0.00,18.22,7.40,0.47,75.64,20.50,80.08,135,
jawa tengah - kendal,6,0.67,10.24,20.61,0.00,16.66,7.58,0.42,74.48,21.20,84.69,40,
jawa tengah - batang,6,0.78,9.68,28.43,0.00,18.00,7.14,0.44,74.74,21.70,83.19,69,
jawa tengah - pekalongan,6,0.91,10.57,32.41,0.00,26.91,7.58,0.41,73.74,19.50,80.39,122,
jawa tengah - pemalang,6,0.61,16.56,38.61,0.00,25.98,6.85,0.42,73.53,24.70,78.51,169,
jawa tengah - tegal,6,0.72,8.60,25.96,0.00,25.07,7.22,0.26,71.72,28.00,81.18,104,
jawa tengah - brebes,6,0.66,17.43,27.58,0.00,25.53,6.42,0.51,69.54,26.30,76.74,199,
jawa tengah - kota magelang,6,0.00,7.75,16.05,0.00,5.38,10.84,0.01,76.93,13.30,82.09,23,
jawa tengah - kota surakarta,6,0.00,9.40,8.10,0.00,12.78,11.23,0.01,77.32,20.40,80.27,33,
jawa tengah - kota salatiga,6,0.00,5.14,6.96,0.00,6.05,10.76,0.04,77.55,15.20,87.39,3,
jawa tengah - kota semarang,6,0.00,4.56,6.75,0.00,5.14,10.90,0.03,77.51,21.30,87.13,4,
jawa tengah - kota pekalongan,5,0.00,7.59,13.28,0.00,29.48,9.64,0.03,74.44,20.60,69.66,74,
jawa tengah - kota tegal,6,0.00,8.12,16.85,0.00,0.30,9.12,0.02,74.54,23.90,75.71,51,
di yogyakarta - kulon progo,6,0.66,18.38,20.99,0.00,20.11,9.01,0.38,75.27,14.90,82.82,74,
di yogyakarta - bantul,6,1.17,14.04,22.45,0.00,21.48,9.72,0.14,73.89,19.10,80.38,123,
di yogyakarta - gunungkidul,6,0.20,17.69,37.81,0.00,45.34,7.41,0.83,74.19,20.60,78.74,163,
di yogyakarta - sleman,6,1.46,8.64,10.40,0.00,21.38,10.99,0.07,74.92,16.00,83.16,70,
di yogyakarta - kota yogyakarta,6,0.00,7.69,7.40,0.00,19.98,11.89,0.01,74.76,17.10,79.28,38,
jawa timur - pacitan,6,0.51,15.11,37.23,0.31,38.59,7.52,1.08,72.07,22.70,77.73,183,
jawa timur - ponorogo,6,0.26,10.26,25.08,0.00,16.77,7.62,0.47,72.85,20.00,86.20,19,
jawa timur - trenggalek,6,0.47,12.14,32.96,0.00,39.95,7.70,0.69,73.86,18.10,80.68,116,
jawa timur - tulungagung,6,0.47,7.51,24.68,0.00,27.82,8.49,0.29,74.16,13.10,86.05,23,
jawa timur - blitar,6,0.58,9.65,20.42,0.00,26.92,7.85,0.66,73.61,14.50,84.34,47,
jawa timur - kediri,6,0.87,11.64,27.20,0.00,36.86,8.22,0.41,72.65,18.00,79.16,155,
jawa timur - malang,6,1.00,10.50,29.76,0.00,24.98,7.59,0.59,72.61,25.70,79.26,151,
jawa timur - lumajang,6,0.54,10.05,38.82,0.41,27.74,7.32,0.66,70.21,30.10,79.34,148,
jawa timur - jember,6,0.59,10.41,36.36,0.06,31.28,6.43,0.53,69.28,23.90,78.34,171,
jawa timur - banyuwangi,6,0.50,8.07,18.79,0.00,24.40,7.43,1.49,70.72,20.10,83.82,54,
jawa timur - bondowoso,5,0.40,14.73,45.07,0.16,35.96,5.99,0.74,66.89,37.00,73.78,242,
jawa timur - situbondo,6,0.44,12.63,46.77,0.13,39.48,6.55,0.83,69.24,23.70,76.31,202,
jawa timur - probolinggo,5,0.70,18.91,43.32,0.28,30.22,6.20,0.73,67.36,23.30,73.00,253,
jawa timur - pasuruan,6,0.91,9.70,43.68,0.00,29.35,7.24,0.45,70.25,21.50,77.40,187,
jawa timur - sidoarjo,6,1.88,5.93,10.64,0.00,10.47,10.73,0.09,74.06,14.80,82.87,73,
jawa timur - mojokerto,6,0.52,10.62,31.31,0.00,14.06,8.66,0.25,72.59,27.40,84.06,50,
jawa timur - jombang,6,0.57,10.00,30.42,0.00,18.52,8.56,0.28,72.49,21.20,83.89,53,
jawa timur - nganjuk,6,0.38,11.85,38.94,0.00,22.42,7.85,0.50,71.60,25.30,81.82,92,
jawa timur - madiun,6,0.28,11.91,29.80,0.12,22.86,7.66,0.65,71.50,15.90,83.93,52,
jawa timur - magetan,6,0.32,10.66,33.84,0.00,10.88,8.29,0.36,72.65,17.20,86.36,15,
jawa timur - ngawi,6,0.17,15.57,29.66,0.00,13.41,7.68,0.53,72.41,16.20,85.01,36,
jawa timur - bojonegoro,6,0.29,13.27,28.33,0.28,16.92,7.45,0.73,71.72,23.90,83.55,56,
jawa timur - tuban,6,0.27,16.31,31.56,0.00,11.10,7.61,0.76,71.56,25.10,83.02,72,
jawa timur - lamongan,6,0.26,13.86,24.90,0.20,10.04,8.08,0.42,72.49,20.50,85.86,26,
jawa timur - gresik,6,0.57,12.42,18.54,0.00,2.71,9.59,0.26,72.67,23.00,86.81,14,
jawa timur - bangkalan,5,0.61,21.57,58.03,0.14,32.89,6.16,0.38,70.22,38.90,70.59,281,
jawa timur - sampang,5,0.43,23.76,57.79,0.00,22.78,5.47,0.58,68.07,17.20,73.25,251,
jawa timur - pamekasan,5,0.79,15.30,38.55,0.00,22.44,6.89,0.37,67.67,38.70,74.41,234,
jawa timur - sumenep,5,0.50,20.51,52.51,0.49,31.09,6.23,0.69,71.56,29.00,74.01,240,
jawa timur - kota kediri,6,0.00,7.75,10.29,0.00,27.61,10.95,0.02,74.04,15.70,73.95,58,
jawa timur - kota blitar,6,0.00,7.89,9.19,0.00,27.53,10.88,0.03,73.86,12.90,74.57,57,
jawa timur - kota malang,6,0.00,4.62,6.51,0.00,10.38,10.95,0.02,73.36,25.70,80.80,31,
jawa timur - kota probolinggo,6,0.00,7.44,7.41,0.00,11.14,9.45,0.05,70.35,19.00,73.83,61,
jawa timur - kota pasuruan,6,0.00,6.88,22.40,0.00,9.16,10.02,0.04,71.60,22.10,71.21,70,
jawa timur - kota mojokerto,6,0.00,6.39,12.11,0.00,10.25,10.86,0.01,73.39,6.90,81.43,26,
jawa timur - kota madiun,6,0.00,5.09,6.49,0.00,6.90,11.79,0.02,72.83,12.40,85.32,8,
jawa timur - kota surabaya,6,0.00,5.23,9.38,0.00,0.09,10.36,0.02,74.18,28.90,81.59,25,
jawa timur - kota batu,6,0.00,4.09,7.04,0.00,22.67,9.87,0.14,72.65,15.00,76.86,49,
banten - pandeglang,5,0.51,10.72,38.10,0.00,50.84,6.70,1.27,64.79,37.80,72.32,259,
banten - lebak,5,0.65,10.29,41.24,0.45,60.22,6.40,1.10,67.33,27.30,71.96,262,
banten - tangerang,6,1.82,7.12,23.46,0.00,16.87,8.90,0.12,69.93,23.30,77.00,194,
banten - serang,6,0.77,5.49,33.00,0.00,24.53,7.50,0.63,64.76,27.20,78.63,166,
banten - kota tangerang,6,0.00,5.93,11.31,0.00,7.56,10.67,0.02,71.60,15.30,79.08,42,
banten - kota cilegon,6,0.00,4.24,13.48,0.00,9.26,10.16,0.08,66.69,20.60,72.63,67,
banten - kota serang,4,0.00,6.79,27.55,0.00,22.08,8.92,0.12,68.12,23.40,59.88,88,
banten - kota tangerang selatan,6,0.00,2.57,4.10,0.00,28.59,11.22,0.02,72.47,19.90,78.74,43,
bali - jembrana,6,1.13,5.06,12.70,0.00,25.24,8.11,0.80,72.46,14.30,83.29,63,
bali - tabanan,6,0.49,5.12,5.14,0.00,6.65,9.02,0.42,73.75,9.20,92.20,1,
bali - badung,6,1.09,2.62,4.33,0.00,5.05,10.45,0.10,75.18,8.70,91.29,2,
bali - gianyar,6,0.80,4.85,4.37,0.00,6.98,9.33,0.14,73.78,5.10,91.07,3,
bali - klungkung,6,1.04,5.64,16.65,0.16,15.90,7.33,0.23,71.41,19.40,83.29,64,
bali - bangli,5,1.95,5.09,14.84,0.01,37.43,7.02,0.36,70.62,11.80,75.10,219,
bali - karangasem,6,0.98,6.78,18.06,0.73,33.36,5.65,0.61,70.56,22.90,78.79,160,
bali - buleleng,6,1.49,6.12,28.71,0.08,19.91,7.07,0.59,71.95,8.90,79.91,137,
bali - kota denpasar,6,0.00,2.96,3.46,0.00,1.66,11.16,0.01,74.93,9.00,91.82,1,
nusa tenggara barat - lombok barat,5,0.88,14.47,27.86,0.32,28.50,6.59,0.72,67.19,28.90,74.76,227,
nusa tenggara barat - lombok tengah,6,0.48,13.44,33.77,0.00,24.26,6.52,0.45,66.38,32.10,77.06,192,
nusa tenggara barat - lombok timur,5,0.72,15.38,30.27,0.14,29.93,6.94,0.40,66.16,37.60,73.87,241,
nusa tenggara barat - sumbawa,6,0.16,13.91,18.73,0.15,13.51,8.13,2.56,67.73,29.70,83.32,61,
nusa tenggara barat - dompu,6,0.15,12.60,16.14,0.17,31.08,8.69,1.59,66.99,31.50,81.30,103,
nusa tenggara barat - bima,6,0.24,14.88,23.37,0.24,21.90,8.59,3.11,66.50,30.40,80.39,121,
nusa tenggara barat - sumbawa barat,6,0.26,13.54,24.67,0.00,7.84,8.70,2.22,68.31,23.60,84.39,46,
nusa tenggara barat - lombok utara,5,0.67,27.04,37.62,0.43,38.49,6.12,0.95,67.36,34.00,68.17,302,
nusa tenggara barat - kota mataram,6,0.00,8.65,14.31,0.00,5.66,9.54,0.01,71.88,25.30,72.28,69,
nusa tenggara barat - kota bima,5,0.00,8.88,14.86,0.00,10.64,10.84,0.31,70.50,23.70,70.25,72,
nusa tenggara timur - kupang,4,0.82,22.98,49.56,8.68,41.51,7.54,3.98,64.91,40.40,65.54,320,
nusa tenggara timur - timor tengah selatan,4,0.61,26.64,58.93,15.11,42.58,6.93,2.94,66.46,48.30,63.65,329,
nusa tenggara timur - timor tengah utara,5,0.67,22.62,55.07,6.73,26.86,8.33,1.90,67.09,46.70,69.36,293,
nusa tenggara timur - belu,5,0.70,15.68,40.98,5.95,40.16,7.58,1.23,64.89,39.90,70.48,285,
nusa tenggara timur - alor,3,1.30,21.09,55.42,6.60,58.02,8.00,2.09,61.64,44.80,58.97,349,
nusa tenggara timur - flores timur,5,1.16,11.14,39.35,2.04,30.18,7.20,1.15,65.31,23.40,73.00,252,
nusa tenggara timur - sikka,6,0.84,13.35,35.28,9.74,22.30,7.37,1.06,67.45,26.60,75.72,214,
nusa tenggara timur - ende,5,1.25,24.13,32.55,1.56,18.10,8.32,1.26,65.43,27.20,70.13,286,
nusa tenggara timur - ngada,6,0.45,12.58,33.85,2.50,33.73,8.47,1.53,68.12,29.00,78.00,174,
nusa tenggara timur - manggarai,5,0.55,20.48,39.95,3.14,22.67,7.81,0.93,67.11,33.10,74.27,237,
nusa tenggara timur - sumba timur,5,0.57,29.68,38.04,3.14,29.50,8.20,5.54,65.16,28.80,69.30,294,
nusa tenggara timur - sumba barat,5,0.67,28.39,37.94,16.45,27.30,6.91,0.93,67.12,37.00,68.08,303,
nusa tenggara timur - lembata,4,1.10,26.21,38.97,3.32,33.59,7.30,1.70,67.20,31.70,66.98,312,
nusa tenggara timur - rote ndao,5,0.83,28.08,40.31,2.47,20.85,7.88,2.06,64.88,40.10,68.23,301,
nusa tenggara timur - manggarai barat,5,0.37,17.92,30.74,11.65,30.32,8.33,2.21,67.46,38.50,75.17,218,
nusa tenggara timur - nagekeo,5,0.80,12.91,34.92,4.38,43.45,7.77,1.82,67.25,28.10,73.33,248,
nusa tenggara timur - sumba tengah,4,0.38,34.27,45.21,15.54,54.44,7.03,3.93,68.42,34.00,63.76,327,
nusa tenggara timur - sumba barat daya,3,0.56,28.18,69.93,24.14,73.78,6.74,1.40,68.57,44.00,58.36,352,
nusa tenggara timur - manggarai timur,4,0.59,26.50,51.56,10.80,48.60,7.54,1.39,68.07,42.90,65.49,321,
nusa tenggara timur - sabu raijua,3,1.36,30.13,59.12,6.08,57.59,6.99,1.00,60.66,33.90,55.04,364,
nusa tenggara timur - malaka,5,0.57,16.33,41.11,8.25,60.45,7.41,1.49,65.01,31.40,68.56,298,
nusa tenggara timur - kota kupang,6,0.00,9.17,6.02,0.03,11.10,11.73,0.06,69.73,26.10,73.89,59,
kalimantan barat - sambas,5,0.72,7.66,19.95,0.25,90.90,6.44,4.67,69.08,32.60,69.84,288,
kalimantan barat - mempawah,5,0.90,5.18,18.81,0.00,70.28,7.28,4.05,71.18,29.70,74.61,230,
kalimantan barat - sanggau,5,1.62,4.55,17.19,7.64,47.68,7.47,10.83,71.42,26.20,73.63,245,
kalimantan barat - ketapang,5,0.87,10.13,22.03,5.69,56.50,7.44,14.63,71.11,23.60,74.41,235,
kalimantan barat - sintang,4,2.08,9.28,24.59,7.15,46.92,6.99,11.56,71.84,38.20,67.25,309,
kalimantan barat - kapuas hulu,5,1.92,8.93,22.39,1.34,39.76,7.28,22.83,72.53,28.90,70.90,276,
kalimantan barat - bengkayang,6,0.59,6.48,16.46,3.40,47.33,7.47,3.94,73.84,26.80,81.00,111,
kalimantan barat - landak,6,0.42,10.99,29.38,7.38,53.18,6.98,8.68,73.04,27.80,77.07,191,
kalimantan barat - sekadau,5,0.98,6.26,38.30,10.50,61.07,6.79,7.02,72.05,26.50,72.95,254,
kalimantan barat - melawi,3,3.38,12.01,27.57,5.50,44.73,7.15,13.23,72.98,37.20,59.04,348,
kalimantan barat - kayong utara,5,0.49,9.33,21.50,0.84,61.91,6.39,10.13,68.48,24.50,75.03,222,
kalimantan barat - kubu raya,5,1.17,4.34,18.41,0.27,87.95,7.21,4.91,70.69,40.30,69.28,295,
kalimantan barat - kota pontianak,5,0.00,4.58,8.84,0.00,57.07,10.63,0.03,73.12,24.40,64.81,82,
kalimantan barat - kota singkawang,5,0.00,4.83,9.01,0.48,44.32,8.12,0.30,72.18,22.30,61.50,86,
kalimantan  tengah - kotawaringin barat,4,5.00,3.95,10.82,0.03,13.15,8.78,9.79,70.68,23.40,60.23,342,
kalimantan  tengah - kotawaringin timur,6,1.42,5.91,18.46,0.52,27.79,8.31,10.19,69.90,32.50,76.95,196,
kalimantan  tengah - kapuas,6,0.41,5.35,31.06,0.75,50.21,7.65,9.37,68.78,25.00,78.78,161,
kalimantan  tengah - barito selatan,4,3.28,4.62,24.72,1.06,32.29,9.10,11.02,67.19,31.40,64.06,325,
kalimantan  tengah - barito utara,6,0.69,5.61,12.68,3.05,28.92,9.15,9.20,71.30,28.30,83.20,67,
kalimantan  tengah - katingan,6,0.83,5.25,31.24,1.72,29.92,8.84,22.07,65.87,29.30,77.50,185,
kalimantan  tengah - seruyan,4,3.43,7.22,23.13,0.40,31.78,8.06,20.69,69.26,29.30,62.55,333,
kalimantan  tengah - sukamara,4,4.82,3.66,13.70,1.97,20.25,8.53,9.62,71.56,24.70,60.10,343,
kalimantan  tengah - lamandau,5,1.99,3.56,19.56,4.52,26.77,8.38,10.58,69.39,23.20,74.81,225,
kalimantan  tengah - gunung mas,3,5.00,5.35,20.72,1.60,38.21,9.42,13.52,70.46,35.90,53.74,369,
kalimantan  tengah - pulang pisau,6,0.31,4.24,24.79,0.47,52.30,7.99,14.49,68.10,24.60,79.76,140,
kalimantan  tengah - murung raya,2,5.00,6.15,22.24,9.88,58.69,7.87,27.15,69.53,31.80,48.08,382,
kalimantan  tengah - barito timur,6,1.02,6.38,10.47,0.57,24.31,9.41,5.40,68.31,33.70,80.41,120,
kalimantan  tengah - kota palangkaraya,6,0.00,3.75,8.93,0.00,5.35,11.57,1.04,73.24,25.20,79.24,39,
kalimantan selatan - tanah laut,6,0.46,4.57,17.97,0.32,37.32,7.82,2.76,69.59,31.00,82.06,88,
kalimantan selatan - kotabaru,6,1.46,4.86,23.65,0.55,28.69,7.63,8.64,69.32,21.80,77.03,193,
kalimantan selatan - banjar,6,0.60,3.04,31.59,0.15,27.75,7.73,2.27,67.41,40.20,80.17,131,
kalimantan selatan - barito kuala,6,0.25,5.11,32.42,0.68,32.61,8.04,3.73,66.27,32.40,81.02,109,
kalimantan selatan - tapin,6,0.29,3.60,27.02,0.47,25.02,7.58,3.33,70.57,33.50,84.60,42,
kalimantan selatan - hulu sungai selatan,6,0.41,4.84,30.46,0.00,38.33,7.41,1.52,66.12,29.10,79.59,143,
kalimantan selatan - hulu sungai tengah,6,0.37,6.18,30.05,0.12,37.47,7.77,1.33,66.20,29.60,79.60,142,
kalimantan selatan - hulu sungai utara,6,0.55,6.83,14.75,0.24,21.91,8.07,0.95,64.10,20.90,82.05,89,
kalimantan selatan - tabalong,6,0.84,6.27,16.85,0.43,20.68,8.59,3.56,70.57,28.20,82.79,76,
kalimantan selatan - tanah bumbu,6,1.14,4.82,9.68,0.14,16.01,8.13,2.99,70.45,18.70,83.53,57,
kalimantan selatan - balangan,6,0.78,6.07,15.83,0.66,21.20,8.13,3.20,67.85,32.30,81.38,101,
kalimantan selatan - kota banjarmasin,6,0.00,4.89,9.31,0.00,0.21,10.17,0.02,71.29,27.80,79.20,40,
kalimantan selatan - kota banjarbaru,6,0.00,4.40,7.10,0.00,6.59,10.48,0.26,72.10,19.00,80.65,32,
kalimantan timur - paser,6,0.92,9.73,12.26,0.20,27.32,8.84,8.66,72.88,23.60,81.76,95,
kalimantan timur - kutai kartanegara,6,1.09,7.99,8.39,0.23,6.27,8.95,10.30,72.64,26.40,84.44,45,
kalimantan timur - berau,6,0.89,5.88,7.88,0.90,7.93,9.44,15.45,72.32,25.70,86.16,21,
kalimantan timur - kutai barat,4,3.59,10.24,11.45,0.13,22.08,9.01,11.23,73.10,15.80,66.94,313,
kalimantan timur - kutai timur,4,4.81,9.81,12.29,0.49,12.30,9.40,13.81,73.46,27.50,60.09,344,
kalimantan timur - penajam paser utara,6,0.74,7.61,13.67,0.00,8.15,8.31,3.90,71.68,27.30,85.51,29,
kalimantan timur - mahakam ulu,3,5.00,11.90,20.18,0.26,25.20,8.52,52.85,72.33,20.30,53.29,371,
kalimantan timur - kota balikpapan,6,0.00,2.89,3.09,0.00,1.29,11.12,0.13,74.76,17.60,89.47,2,
kalimantan timur - kota samarinda,6,0.00,4.99,3.82,0.00,1.87,10.40,0.16,74.54,21.60,84.66,13,
kalimantan timur - kota bontang,6,0.00,4.62,5.61,0.04,0.71,10.73,0.12,74.55,26.30,84.21,17,
kalimantan utara - bulungan,6,1.79,10.03,10.79,0.00,22.61,9.02,14.40,72.74,22.90,77.00,195,
kalimantan utara - malinau,4,2.99,7.30,7.23,7.99,26.05,8.76,50.44,71.49,24.20,67.25,308,
kalimantan utara - nunukan,6,1.70,6.79,10.38,1.06,31.26,8.44,13.77,71.40,30.00,75.87,210,
kalimantan utara - tana tidung,3,5.00,5.15,11.75,1.46,29.70,8.74,16.10,71.49,22.80,57.17,359,
kalimantan utara - kota tarakan,6,0.00,6.71,7.75,0.00,6.73,9.95,0.18,74.04,25.90,77.90,45,
sulawesi utara - bolaang mongondow,6,0.22,7.58,25.77,0.00,31.79,8.54,3.68,69.45,26.60,83.26,65,
sulawesi utara - minahasa,6,0.76,7.67,25.99,0.12,26.48,10.05,0.89,71.16,17.50,83.30,62,
sulawesi utara - kepulauan sangihe,3,4.73,11.02,39.30,2.82,19.46,9.00,0.54,70.18,21.10,56.15,363,
sulawesi utara - kepulauan talaud,6,0.81,9.00,42.76,0.10,25.80,9.81,1.98,70.24,25.80,79.72,141,
sulawesi utara - minahasa selatan,6,0.76,9.37,38.94,0.00,26.91,9.34,1.94,70.01,24.20,79.91,136,
sulawesi utara - minahasa utara,6,0.98,7.11,33.26,0.00,11.75,9.89,0.87,71.40,19.10,83.69,55,
sulawesi utara - minahasa tenggara,6,0.57,12.47,40.53,0.55,21.84,9.61,1.50,70.21,25.50,80.55,118,
sulawesi utara - bolaang mongondow utara,6,0.51,8.03,28.74,0.72,32.15,8.26,2.80,67.73,26.40,80.09,134,
sulawesi utara - kep. siau tagulandang biaro,3,5.00,8.94,16.20,0.00,54.18,9.37,0.60,70.87,22.50,52.61,372,
sulawesi utara - bolaang mongondow timur,6,1.06,6.10,29.82,0.42,31.84,8.36,3.33,67.94,24.40,77.76,182,
sulawesi utara - bolaang mongondow selatan,5,1.62,12.85,35.58,0.43,37.55,8.76,3.69,64.49,37.40,67.75,306,
sulawesi utara - kota manado,6,0.00,6.19,16.05,0.00,4.64,11.40,0.03,71.90,23.80,77.55,46,
sulawesi utara - kota bitung,5,0.00,6.43,32.87,0.00,8.88,10.03,0.34,71.10,22.10,66.44,80,
sulawesi utara - kota tomohon,6,0.00,5.69,20.01,0.00,16.05,10.64,0.13,72.06,18.30,72.89,65,
sulawesi utara - kota kotamobagu,6,0.00,5.74,12.87,0.02,14.43,10.63,0.12,70.60,25.10,72.85,66,
sulawesi tengah - banggai,6,0.34,7.83,15.06,0.65,20.23,8.60,5.19,70.88,26.00,85.73,27,
sulawesi tengah - poso,6,0.34,15.92,13.49,0.61,24.20,9.72,5.03,71.19,26.70,82.80,75,
sulawesi tengah - donggala,5,0.78,16.73,20.27,3.25,30.88,8.20,4.38,67.50,29.50,75.30,216,
sulawesi tengah - tolitoli,6,0.59,13.51,14.48,4.20,27.18,8.98,2.96,66.18,29.30,78.64,165,
sulawesi tengah - buol,6,0.48,14.06,14.29,1.18,12.63,9.07,5.26,69.05,28.60,82.79,78,
sulawesi tengah - morowali,6,0.60,13.75,12.78,1.72,16.41,8.35,2.36,69.23,28.90,81.51,99,
sulawesi tengah - banggai kepulauan,4,3.63,13.72,25.14,2.72,13.51,8.24,3.29,66.59,30.60,60.87,339,
sulawesi tengah - parigi moutong,6,0.26,15.28,20.03,4.37,35.17,8.27,2.95,64.35,31.70,76.83,198,
sulawesi tengah - tojo una-una,5,1.11,16.60,29.45,1.75,12.52,8.43,5.23,65.90,29.40,74.80,226,
sulawesi tengah - sigi,6,0.42,13.05,18.32,0.90,42.96,9.03,5.17,70.09,40.70,77.94,177,
sulawesi tengah - banggai laut,2,5.00,14.17,27.05,7.96,24.06,8.38,1.07,65.67,26.10,50.35,378,
sulawesi tengah - morowali utara,6,0.55,13.90,21.40,2.65,26.99,8.36,13.11,69.71,24.60,79.50,145,
sulawesi tengah - kota palu,6,0.00,7.17,4.55,0.00,3.94,11.57,0.12,71.09,23.90,79.94,36,
sulawesi selatan - kepulauan selayar,5,1.40,12.45,38.39,2.61,12.58,8.30,1.00,68.52,27.70,75.26,217,
sulawesi selatan - bulukumba,6,0.29,7.43,36.84,0.46,21.18,8.20,0.71,68.10,30.80,82.50,83,
sulawesi selatan - bantaeng,6,0.31,9.41,35.91,0.00,23.74,7.17,0.31,70.60,22.50,82.77,80,
sulawesi selatan - jeneponto,6,0.23,14.28,32.53,0.67,14.74,7.05,0.40,66.49,37.90,79.51,144,
sulawesi selatan - takalar,6,0.44,8.25,22.38,0.23,26.50,8.00,0.33,67.30,34.70,80.87,113,
sulawesi selatan - gowa,6,0.30,7.54,26.76,0.59,33.43,8.04,1.31,70.45,33.00,82.13,86,
sulawesi selatan - sinjai,6,0.42,8.84,26.53,0.10,22.32,8.16,0.47,67.38,30.10,81.62,98,
sulawesi selatan - bone,6,0.14,10.52,13.63,2.06,29.31,7.58,2.61,67.21,34.10,81.68,97,
sulawesi selatan - maros,6,0.30,9.57,21.57,0.40,27.38,8.38,1.49,69.04,37.50,81.81,93,
sulawesi selatan - pangkajene dan kepulauan,6,0.49,14.28,24.61,0.14,23.78,8.51,1.00,66.78,33.10,78.64,164,
sulawesi selatan - barru,6,0.26,8.68,22.77,0.68,17.37,8.53,1.42,69.07,26.40,84.95,38,
sulawesi selatan - soppeng,6,0.12,7.53,16.24,1.01,28.69,8.11,1.70,69.81,25.40,85.27,33,
sulawesi selatan - wajo,6,0.10,6.46,27.32,0.20,17.88,7.48,2.18,67.48,22.60,85.46,30,
sulawesi selatan - sidenreng rappang,6,0.11,5.04,19.51,0.66,28.90,8.28,1.26,70.01,25.40,86.19,20,
sulawesi selatan - pinrang,6,0.13,8.81,19.89,0.11,23.93,8.10,1.30,69.77,24.50,85.31,32,
sulawesi selatan - enrekang,6,0.56,12.47,36.94,0.70,32.66,8.70,1.24,70.93,31.90,78.55,168,
sulawesi selatan - luwu,6,0.22,12.53,27.10,0.98,34.55,8.92,2.03,70.44,22.80,81.88,91,
sulawesi selatan - tana toraja,6,0.61,12.27,38.15,1.08,53.55,9.03,1.58,73.40,29.20,76.52,201,
sulawesi selatan - luwu utara,6,0.24,13.59,36.23,0.31,29.90,8.23,6.90,68.67,19.50,80.27,128,
sulawesi selatan - luwu timur,6,0.20,6.94,14.87,0.54,27.26,8.38,3.39,70.63,19.90,86.36,16,
sulawesi selatan - toraja utara,6,0.60,11.99,34.20,1.14,37.01,8.89,0.91,73.41,32.60,79.18,154,
sulawesi selatan - kota makassar,6,0.00,4.82,8.20,0.08,1.26,11.44,0.02,72.13,18.80,83.86,19,
sulawesi selatan - kota pare pare,6,0.00,5.40,7.33,0.00,7.76,11.23,0.08,71.31,24.80,79.10,41,
sulawesi selatan - kota palopo,6,0.00,8.14,14.07,0.00,5.02,11.18,0.16,70.92,28.50,73.41,63,
sulawesi  tenggara - kolaka,6,0.64,12.43,20.67,1.79,19.81,9.14,2.72,71.21,26.50,82.15,85,
sulawesi  tenggara - konawe,6,0.26,13.03,24.36,0.19,14.65,9.27,2.49,70.32,26.20,84.53,43,
sulawesi  tenggara - muna,6,1.22,13.54,30.50,0.31,22.49,8.36,1.11,70.41,30.80,75.88,209,
sulawesi  tenggara - buton,5,1.60,13.92,40.19,0.66,9.20,8.57,1.64,68.39,33.00,73.51,247,
sulawesi  tenggara - konawe selatan,6,0.48,11.34,25.62,0.31,17.48,8.42,5.37,70.87,28.30,82.71,81,
sulawesi  tenggara - bombana,6,0.34,10.76,23.37,1.48,6.33,8.31,3.70,69.09,26.80,84.97,37,
sulawesi  tenggara - wakatobi,3,4.02,14.91,28.87,0.21,38.52,8.59,1.04,70.48,26.00,56.62,361,
sulawesi  tenggara - kolaka utara,5,1.94,13.79,22.57,1.21,14.99,8.65,4.20,70.36,29.10,73.28,249,
sulawesi  tenggara - konawe utara,6,1.23,14.32,30.39,0.16,18.42,9.48,12.88,69.53,29.50,75.89,207,
sulawesi  tenggara - buton utara,5,1.67,14.89,28.04,1.58,18.32,8.59,3.46,70.93,26.80,74.03,239,
sulawesi  tenggara - kolaka timur,6,0.22,14.35,30.25,0.00,18.91,8.62,5.74,72.82,23.00,84.04,51,
sulawesi  tenggara - konawe kepulauan,4,3.74,17.81,24.99,0.18,12.26,9.00,3.05,68.43,32.80,60.04,345,
sulawesi  tenggara - muna barat,6,0.71,13.96,36.66,1.24,23.60,7.91,1.76,70.35,29.00,77.99,175,
sulawesi  tenggara - buton tengah,4,2.69,15.80,44.69,0.22,12.15,7.78,1.46,67.69,42.70,63.69,328,
sulawesi  tenggara - buton selatan,5,1.43,14.62,34.74,1.40,41.27,7.94,0.78,67.69,45.20,68.05,305,
sulawesi  tenggara - kota kendari,6,0.00,4.87,8.58,0.00,7.46,12.09,0.11,73.83,24.00,83.01,22,
sulawesi  tenggara - kota bau bau,6,0.00,7.78,12.57,0.00,2.86,11.19,0.20,71.25,27.60,75.32,52,
gorontalo - gorontalo,6,0.45,17.89,11.49,1.22,20.79,8.33,1.19,67.69,28.30,79.79,139,
gorontalo - boalemo,6,0.17,19.00,14.52,1.33,17.22,8.05,2.16,69.30,29.80,81.71,96,
gorontalo - bone bolango,6,0.88,16.30,7.69,0.00,22.05,8.79,2.21,68.52,25.10,78.84,158,
gorontalo - pahuwato,6,0.18,18.08,18.46,0.46,6.39,8.03,5.64,64.30,34.60,80.47,119,
gorontalo - gorontalo utara,6,0.21,17.23,13.17,1.24,19.75,8.03,2.69,65.93,29.50,80.34,125,
gorontalo - kota gorontalo,6,0.00,5.93,2.11,0.00,4.67,10.41,0.05,72.53,26.50,80.95,29,
sulawesi barat - mamuju utara,5,2.26,4.77,16.60,1.24,13.81,8.45,4.35,66.45,28.60,73.65,244,
sulawesi barat - mamuju,6,0.46,7.46,18.31,0.42,25.22,8.18,3.04,67.77,30.30,82.18,84,
sulawesi barat - mamasa,5,0.58,13.77,42.51,1.97,69.76,8.25,2.77,70.94,33.70,71.22,271,
sulawesi barat - polewali mandar,5,0.50,15.68,30.20,0.77,28.90,7.85,0.80,62.53,36.00,74.17,238,
sulawesi barat - majene,4,3.16,14.34,21.12,0.08,16.50,9.36,0.85,61.77,35.70,61.63,335,
sulawesi barat - mamuju tengah,6,0.63,7.13,15.28,1.18,28.54,7.60,3.67,68.55,26.30,81.37,102,
maluku - maluku tengah,5,1.53,19.84,22.04,3.66,31.93,9.99,5.04,66.45,29.80,69.62,291,
maluku - maluku tenggara,2,4.79,22.73,8.75,1.91,36.46,9.86,1.44,65.14,21.60,49.50,379,
maluku - maluku tenggara barat,2,5.00,27.27,22.67,0.33,32.48,9.88,7.78,63.45,25.10,44.58,388,
maluku - buru,6,0.40,17.28,8.28,2.58,25.52,8.98,5.31,66.44,31.70,79.02,156,
maluku - seram bagian timur,4,0.92,23.25,10.59,15.74,40.63,8.49,6.03,59.62,41.90,65.69,319,
maluku - seram bagian barat,4,2.18,25.27,12.57,2.69,39.56,9.43,4.58,61.85,28.70,61.06,338,
maluku - kepulauan aru,2,5.00,26.53,12.73,22.37,29.78,8.86,12.52,62.96,35.80,42.36,391,
maluku - maluku barat daya,4,1.34,29.55,2.46,5.28,31.28,9.36,9.62,62.55,29.60,66.43,316,
maluku - buru selatan,3,3.60,15.89,21.95,7.58,20.30,7.99,7.03,66.36,39.10,57.79,357,
maluku - kota ambon,6,0.00,5.02,3.39,0.09,10.72,12.16,0.11,70.63,21.80,80.96,28,
maluku - kota tual,3,0.00,23.26,0.77,1.64,19.88,10.39,0.68,65.68,27.70,45.18,96,
maluku utara - halmahera barat,3,5.00,8.95,5.89,1.28,41.07,8.58,3.09,66.34,30.00,52.05,374,
maluku utara - halmahera tengah,2,5.00,13.52,5.41,1.77,34.07,9.12,4.54,64.15,29.10,50.67,376,
maluku utara - halmahera utara,4,3.90,5.22,10.03,1.53,26.41,8.62,4.58,69.61,30.50,63.43,330,
maluku utara - halmahera selatan,3,5.00,5.19,18.87,7.43,25.57,8.37,6.12,65.93,33.70,53.42,370,
maluku utara - kepulauan sula,2,5.00,8.23,10.02,2.90,42.61,9.26,7.83,63.39,27.70,50.64,377,
maluku utara - halmahera timur,5,1.46,15.04,13.36,3.73,31.55,8.19,9.76,69.08,32.70,72.38,258,
maluku utara - pulau morotai,4,3.95,6.52,12.81,0.00,36.44,7.66,5.47,67.35,28.30,59.62,346,
maluku utara - pulau taliabu,2,5.00,7.49,18.67,23.87,56.98,7.72,6.28,62.22,35.20,44.39,389,
maluku utara - kota ternate,6,0.00,3.55,4.44,0.00,10.97,11.59,0.09,71.06,24.00,81.32,27,
maluku utara - kota tidore kepulauan,4,0.00,6.58,10.32,0.20,38.35,10.06,1.82,69.43,25.10,55.94,91,
papua - merauke,6,0.16,10.16,15.97,5.76,29.95,8.77,46.54,67.07,28.30,80.10,133,
papua - jayawijaya,1,5.00,37.09,31.92,14.50,80.99,5.22,10.83,59.90,49.30,25.00,403,
papua - jayapura,5,2.11,12.13,7.91,1.47,28.98,9.60,12.56,67.16,29.50,70.62,280,
papua - nabire,5,1.90,23.83,18.62,4.03,18.10,9.54,12.80,68.15,20.60,69.19,296,
papua - kepulauan yapen,2,5.00,26.09,13.34,20.44,38.83,8.95,3.27,69.17,33.10,44.82,386,
papua - biak numfor,2,5.00,24.45,18.08,0.45,27.62,9.58,2.71,68.29,34.00,48.16,380,
papua - puncak jaya,1,5.00,36.00,54.85,96.76,78.24,3.45,35.46,65.33,33.30,19.34,411,
papua - paniai,1,5.00,36.59,10.73,19.15,100.00,3.83,8.27,66.62,32.10,27.91,402,
papua - mimika,6,0.71,14.17,22.09,6.89,18.15,9.65,12.22,72.36,31.50,80.55,117,
papua - sarmi,3,3.12,13.84,27.14,2.26,33.52,8.16,70.78,66.46,32.70,57.07,360,
papua - keerom,4,2.27,16.00,23.88,12.20,36.79,7.76,58.82,66.78,30.50,61.22,337,
papua - pegunungan bintang,1,5.00,30.46,45.58,52.93,78.47,3.73,18.14,64.54,55.40,24.10,405,
papua - yahukimo,1,5.00,37.64,63.88,34.17,69.25,3.69,60.61,66.05,43.60,22.31,410,
papua - tolikara,1,5.00,32.60,75.39,0.48,99.81,2.55,35.41,65.83,28.90,23.28,406,
papua - waropen,2,2.96,29.85,20.32,27.12,67.08,8.55,100.00,66.42,26.00,44.89,385,
papua - boven digoel,1,5.00,19.90,21.19,21.43,49.54,8.40,28.48,60.32,37.60,38.87,395,
papua - mappi,1,5.00,26.05,41.58,10.62,75.80,6.26,15.04,65.31,33.60,33.82,398,
papua - asmat,1,2.48,24.83,46.75,57.49,88.52,5.52,32.47,58.59,38.10,38.98,394,
papua - supiori,1,5.00,37.91,54.59,19.21,77.78,8.80,2.33,66.06,29.70,29.87,400,
papua - mamberamo raya,1,5.00,28.78,68.50,2.37,88.61,6.69,100.00,58.00,22.50,22.96,407,
papua - mamberamo tengah,1,5.00,36.76,86.49,23.36,100.00,3.57,16.53,63.75,42.40,18.14,414,
papua - yalimo,1,5.00,33.25,69.23,27.11,100.00,5.66,16.94,65.49,44.10,22.37,409,
papua - lanny jaya,1,5.00,38.73,89.61,23.43,99.58,3.70,6.39,66.11,38.60,19.18,412,
papua - nduga,1,5.00,37.18,70.67,40.85,96.18,3.94,10.90,55.43,38.80,15.66,416,
papua - puncak,1,5.00,36.26,72.22,19.75,95.46,1.48,46.83,65.86,48.30,18.27,413,
papua - dogiyai,1,5.00,28.81,23.59,74.80,93.51,3.37,45.56,65.85,42.90,22.93,408,
papua - intan jaya,1,5.00,41.66,65.91,15.76,100.00,1.89,35.33,65.69,46.90,17.21,415,
papua - deiyai,1,5.00,40.59,12.42,17.43,100.00,2.09,19.19,65.36,28.40,24.70,404,
papua - kota jayapura,6,0.00,11.39,5.14,0.00,1.93,11.41,0.40,70.52,22.90,74.64,56,
papua barat - sorong,2,5.00,27.78,15.41,1.81,45.74,8.74,7.58,66.22,28.70,43.19,390,
papua barat - manokwari,4,2.18,20.56,8.96,0.00,34.06,9.01,2.40,68.82,26.90,67.41,307,
papua barat - fakfak,2,5.00,22.86,17.28,4.48,44.30,10.33,16.05,68.50,26.00,46.63,383,
papua barat - sorong selatan,1,5.00,18.55,37.48,14.43,74.25,7.70,12.61,66.39,39.60,37.75,396,
papua barat - raja ampat,2,4.89,17.50,24.92,12.32,45.86,8.31,17.17,64.83,31.10,44.60,387,
papua barat - teluk bintuni,1,5.00,29.79,29.73,7.19,34.90,9.59,32.51,60.99,27.50,39.37,392,
papua barat - teluk wondama,1,5.00,31.61,30.41,8.88,77.43,8.47,9.45,60.24,31.00,31.95,399,
papua barat - kaimana,2,5.00,16.04,27.57,9.13,43.10,9.77,28.15,64.93,28.50,45.43,384,
papua barat - tambrauw,1,5.00,33.86,33.04,2.11,68.12,8.50,63.35,60.20,39.40,29.26,401,
papua barat - maybrat,1,5.00,31.39,7.59,0.22,61.90,10.50,22.57,65.25,34.50,39.33,393,
papua barat - manokwari selatan,5,0.98,29.30,21.87,3.25,27.52,8.60,14.88,67.60,28.50,69.46,292,
papua barat - pegunungan arfak,1,5.00,34.70,23.48,21.62,51.51,6.41,20.40,67.26,40.10,34.90,397,
papua barat - kota sorong,5,0.00,15.35,5.81,0.77,3.82,11.47,0.60,70.93,19.90,67.72,78,
